,Unnamed: 0,Topology,Loss,Accuracy,TP,FP,TN,FN,Sensitivity,Specificity,Precision,Recall,AUC
0,0.0,LeNet 5,0.1009746469557285,0.9690378427505492,3783.7,100.4,164577.4,137.2,0.9982146978378296,0.9999927043914796,0.9741435170173643,0.9650081694126128,0.998988837003708
1,,AlexNet,0.0678812474012375,0.984442514181137,3852.9,54.7,164623.1,68.0,0.9970160067081452,0.9999514162540436,0.9860000491142273,0.982657253742218,0.9984541654586792
